{
  "batch_num": 1,
  "num_samples": 1000,
  "avg_f1_before": 0.07177419387065646,
  "avg_f1_after": 0.005008843504762942,
  "avg_f1_improvement": -0.06676535036589352,
  "samples_with_f1_improvement": 27,
  "samples_with_distance_decrease": 0
}