layer,attention_kl,eap_score_sum,eap_abs_score_sum,eap_edge_count
0,0.000122629,1.93488,2.87469,36
1,0.00638149,0.309937,0.653564,22
2,0.0176313,0.263489,0.587952,14
3,0.0179746,0.238464,0.59967,29
4,0.0156197,-0.115479,0.356812,20
5,0.0299793,0.303711,0.85376,48
6,0.0176051,0.0847168,0.606445,29
7,0.0349717,-0.136414,0.470764,28
8,0.0393489,-0.0285645,0.788574,39
9,0.0530369,-0.0779419,0.706604,38
10,0.0664807,0.106323,0.496948,26
11,0.0930376,-0.0117187,1.45386,54
logits,,-3.98572,4.06934,17
