layer,attention_kl,eap_score_sum,eap_abs_score_sum,eap_edge_count
0,0.000980618,1.99109,4.20056,31
1,0.0241143,0.26001,0.951172,16
2,0.0489996,0.550903,1.33069,27
3,0.0632208,0.128906,1.49829,41
4,0.0756122,-0.0251465,1.24512,33
5,0.100557,-0.123901,1.92102,49
6,0.0990291,-0.0697021,1.29285,44
7,0.145357,0.0562744,1.01794,30
8,0.171722,-0.463135,1.08472,33
9,0.248835,-0.118408,0.763672,20
10,0.37096,-0.906372,1.54602,31
11,0.515099,-0.212891,1.32202,30
logits,,-3.70459,5.59619,15
