layer,attention_kl,eap_score_sum,eap_abs_score_sum,eap_edge_count
0,0.000124029,0.414795,1.09363,26
1,0.0128723,0.197327,0.391785,11
2,0.0319276,-0.139404,0.430298,19
3,0.0280437,-0.0128174,0.528687,34
4,0.0234832,0.109863,0.661377,34
5,0.0337772,0.21405,0.637268,35
6,0.0281112,-0.0379639,1.10046,58
7,0.0307189,0.131531,0.51886,20
8,0.0357859,0.0280151,1.09943,59
9,0.0412564,-0.467285,0.574829,17
10,0.0646529,-0.270325,0.704529,26
11,0.0707,-0.42627,0.83728,34
logits,,-0.991455,1.43127,27
