layer,attention_kl,eap_score_sum,eap_abs_score_sum,eap_edge_count
0,0.000967226,1.46362,2.40991,24
1,0.0234995,1.07849,1.6925,16
2,0.0713666,-0.0996094,1.04736,23
3,0.0698904,0.338257,1.42908,26
4,0.0771423,-0.00415039,1.4209,29
5,0.112443,0.144531,1.65698,42
6,0.109942,-0.0794678,2.10071,48
7,0.134511,0.318726,1.74695,45
8,0.182676,-1.52625,2.42346,40
9,0.236207,0.705444,1.42957,23
10,0.282442,-1.82031,2.54224,28
11,0.519851,2.33057,4.05249,41
logits,,-13.5374,14.4861,15
