layer,attention_kl,eap_score_sum,eap_abs_score_sum,eap_edge_count
0,0.000132593,0.521362,3.60681,30
1,0.0103649,2.17419,4.04797,23
2,0.030553,0.0871582,2.02905,30
3,0.0391955,0.0751953,2.37524,33
4,0.0347175,-0.13562,1.73743,26
5,0.0387817,-2.52002,4.50195,47
6,0.048069,0.23291,4.51221,44
7,0.0375921,-0.584473,1.50488,14
8,0.0633665,1.91028,4.70691,57
9,0.0554881,-0.499268,2.22192,31
10,0.0932567,-2.92297,3.72913,20
11,0.112446,0.259521,2.53711,30
logits,,-4.33484,4.45667,15
