edge,score_own,score_cross
m30->m31,0.7265625,-8.9375
m30->logits,-0.6328125,8.6875
m1->m4,-0.29882812,0.075683594
m31->logits,0.23144531,2.6875
m12->m13,0.19335938,0.072753906
m16->m20,0.19042969,0.05834961
m16->m17,-0.16894531,0.057617188
m10->m15,0.16601562,0.045654297
m18->logits,-0.16210938,0.100097656
m10->m13,-0.16210938,0.0546875
m30->a31.h11<q>,-0.16113281,0.68359375
m15->m16,-0.15136719,0.053955078
m18->m19,0.15039062,0.123535156
m9->m10,0.13964844,0.04272461
